oort  ,each  ,big  ,gov  ,system  ,

question  ,day  ,wouldn  ,large  ,etc  ,

quite  ,turbo  ,news  ,small  ,engine  ,

net  ,design  ,solar  ,hst  ,mission  ,

years  ,two  ,launch  ,cost  ,shuttle  ,

shift  ,sho  ,manual  ,shifter  ,clutch  ,

state  ,geico  ,want  ,insurance  ,good  ,

long  ,such  ,moon  ,bill  ,space  ,

even  ,find  ,time  ,make  ,don  ,

bad  ,gas  ,honda  ,ford  ,car  ,

uiuc  ,works  ,light  ,sky  ,people  ,

throw  ,howell  ,buy  ,mustang  ,george  ,

writes  ,protection  ,engines  ,article  ,apr  ,

ics  ,uci  ,gif  ,review  ,station  ,

technology  ,internet  ,information  ,science  ,nasa  ,

problem  ,auto  ,dealer  ,money  ,book  ,

things  ,spencer  ,type  ,toronto  ,henry  ,

good  ,didn  ,article  ,writes  ,edu  ,

put  ,diesels  ,reason  ,heard  ,cars  ,

change  ,used  ,come  ,service  ,oil  ,

