bright  ,taurus  ,sho  ,time  ,spacecraft  ,

collision  ,planets  ,day  ,toronto  ,henry  ,

toronto  ,zoo  ,report  ,spencer  ,type  ,

spencer  ,radiation  ,george  ,howell  ,temperature  ,

day  ,earth  ,design  ,interior  ,article  ,

apr  ,article  ,mission  ,hst  ,writes  ,

people  ,apr  ,writes  ,edu  ,space  ,

good  ,science  ,ford  ,space  ,edu  ,

long  ,mustang  ,sky  ,edu  ,car  ,

another  ,launch  ,sho  ,shifter  ,clutch  ,

redesign  ,manual  ,system  ,option  ,station  ,

diesels  ,system  ,used  ,science  ,cars  ,

find  ,even  ,time  ,edu  ,cars  ,

engine  ,companies  ,number  ,gif  ,time  ,

don  ,make  ,moon  ,bill  ,engine  ,

low  ,geico  ,make  ,insurance  ,don  ,

temp  ,lines  ,toyota  ,don  ,oil  ,

light  ,station  ,highway  ,loss  ,audi  ,

visible  ,light  ,station  ,infiniti  ,bright  ,

bright  ,taurus  ,lexus  ,light  ,blah  ,

